First Name,Last Name,Email,Employee id,Role
Arundeep,Singh,arundeepsingh522@gmail.com,INT110,
Kunal,Sharma,kunal222@gmail.com,INT111,
Vishal,Sharma,vishals@gmail.com,ATR555,TPM
Himanshu,G,himanshu@gmail.com,INT112,TPM,
Test,T,test@gmail.com,ATR114,HR,
Test5,T,test5@gmail.com,ATR118,IT,